{"train_loss": 1.9707824124321887, "epoch": 19, "_timestamp": 1778479105.644247, "_runtime": 319.7526090145111, "_step": 40, "val_loss": 2.698829391425336, "test_bleu": 37.772452184773705, "_wandb": {"runtime": 320}}